name,rot,size,w,h,uv,alpha,mask,icon,icon_select,background,background_mask
Front side,0,S,35,45,qian_uv.png,tu/qian_alpha.png,tu/qian_mask.png,tu/front-default.png,tu/front-checked.png,tu/qian_background@3x.png,tu/qian_background_mask@3x.png
Front side,0,M,35,45,qian_uv.png,tu/qian_alpha.png,tu/qian_mask.png,tu/front-default.png,tu/front-checked.png,tu/qian_background@3x.png,tu/qian_background_mask@3x.png
Front side,0,L,35,45,qian_uv.png,tu/qian_alpha.png,tu/qian_mask.png,tu/front-default.png,tu/front-checked.png,tu/qian_background@3x.png,tu/qian_background_mask@3x.png
Front side,0,XL,35,45,qian_uv.png,tu/qian_alpha.png,tu/qian_mask.png,tu/front-default.png,tu/front-checked.png,tu/qian_background@3x.png,tu/qian_background_mask@3x.png
Front side,0,2XL,35,45,qian_uv.png,tu/qian_alpha.png,tu/qian_mask.png,tu/front-default.png,tu/front-checked.png,tu/qian_background@3x.png,tu/qian_background_mask@3x.png
Front side,0,3XL,35,45,qian_uv.png,tu/qian_alpha.png,tu/qian_mask.png,tu/front-default.png,tu/front-checked.png,tu/qian_background@3x.png,tu/qian_background_mask@3x.png
Front side,0,4XL,35,45,qian_uv.png,tu/qian_alpha.png,tu/qian_mask.png,tu/front-default.png,tu/front-checked.png,tu/qian_background@3x.png,tu/qian_background_mask@3x.png
Back side,180,S,35,45,hou_uv.png,tu/hou_alpha.png,tu/hou_mask.png,tu/back-default.png,tu/back-checked.png,tu/hou_background@3x.png,tu/hou_background_mask@3x.png
Back side,180,M,35,45,hou_uv.png,tu/hou_alpha.png,tu/hou_mask.png,tu/back-default.png,tu/back-checked.png,tu/hou_background@3x.png,tu/hou_background_mask@3x.png
Back side,180,L,35,45,hou_uv.png,tu/hou_alpha.png,tu/hou_mask.png,tu/back-default.png,tu/back-checked.png,tu/hou_background@3x.png,tu/hou_background_mask@3x.png
Back side,180,XL,35,45,hou_uv.png,tu/hou_alpha.png,tu/hou_mask.png,tu/back-default.png,tu/back-checked.png,tu/hou_background@3x.png,tu/hou_background_mask@3x.png
Back side,180,2XL,35,45,hou_uv.png,tu/hou_alpha.png,tu/hou_mask.png,tu/back-default.png,tu/back-checked.png,tu/hou_background@3x.png,tu/hou_background_mask@3x.png
Back side,180,3XL,35,45,hou_uv.png,tu/hou_alpha.png,tu/hou_mask.png,tu/back-default.png,tu/back-checked.png,tu/hou_background@3x.png,tu/hou_background_mask@3x.png
Back side,180,4XL,35,45,hou_uv.png,tu/hou_alpha.png,tu/hou_mask.png,tu/back-default.png,tu/back-checked.png,tu/hou_background@3x.png,tu/hou_background_mask@3x.png
Left sleeve,-90,S,12,15,xiu2_uv.png,tu/xiu2_alpha.png,tu/xiu2_mask.png,tu/right-default.png,tu/right-checked.png,tu/xiu2_background@5x.png,tu/xiu2_background_mask@5x.png
Left sleeve,-90,M,12,15,xiu2_uv.png,tu/xiu2_alpha.png,tu/xiu2_mask.png,tu/right-default.png,tu/right-checked.png,tu/xiu2_background@5x.png,tu/xiu2_background_mask@5x.png
Left sleeve,-90,L,12,15,xiu2_uv.png,tu/xiu2_alpha.png,tu/xiu2_mask.png,tu/right-default.png,tu/right-checked.png,tu/xiu2_background@5x.png,tu/xiu2_background_mask@5x.png
Left sleeve,-90,XL,12,15,xiu2_uv.png,tu/xiu2_alpha.png,tu/xiu2_mask.png,tu/right-default.png,tu/right-checked.png,tu/xiu2_background@5x.png,tu/xiu2_background_mask@5x.png
Left sleeve,-90,2XL,12,15,xiu2_uv.png,tu/xiu2_alpha.png,tu/xiu2_mask.png,tu/right-default.png,tu/right-checked.png,tu/xiu2_background@5x.png,tu/xiu2_background_mask@5x.png
Left sleeve,-90,3XL,12,15,xiu2_uv.png,tu/xiu2_alpha.png,tu/xiu2_mask.png,tu/right-default.png,tu/right-checked.png,tu/xiu2_background@5x.png,tu/xiu2_background_mask@5x.png
Left sleeve,-90,4XL,12,15,xiu2_uv.png,tu/xiu2_alpha.png,tu/xiu2_mask.png,tu/right-default.png,tu/right-checked.png,tu/xiu2_background@5x.png,tu/xiu2_background_mask@5x.png
Right sleeve,90,S,12,15,xiu1_uv.png,tu/xiu1_alpha.png,tu/xiu1_mask.png,tu/left-default.png,tu/left-checked.png,tu/xiu1_background@5x.png,tu/xiu1_background_mask@5x.png
Right sleeve,90,M,12,15,xiu1_uv.png,tu/xiu1_alpha.png,tu/xiu1_mask.png,tu/left-default.png,tu/left-checked.png,tu/xiu1_background@5x.png,tu/xiu1_background_mask@5x.png
Right sleeve,90,L,12,15,xiu1_uv.png,tu/xiu1_alpha.png,tu/xiu1_mask.png,tu/left-default.png,tu/left-checked.png,tu/xiu1_background@5x.png,tu/xiu1_background_mask@5x.png
Right sleeve,90,XL,12,15,xiu1_uv.png,tu/xiu1_alpha.png,tu/xiu1_mask.png,tu/left-default.png,tu/left-checked.png,tu/xiu1_background@5x.png,tu/xiu1_background_mask@5x.png
Right sleeve,90,2XL,12,15,xiu1_uv.png,tu/xiu1_alpha.png,tu/xiu1_mask.png,tu/left-default.png,tu/left-checked.png,tu/xiu1_background@5x.png,tu/xiu1_background_mask@5x.png
Right sleeve,90,3XL,12,15,xiu1_uv.png,tu/xiu1_alpha.png,tu/xiu1_mask.png,tu/left-default.png,tu/left-checked.png,tu/xiu1_background@5x.png,tu/xiu1_background_mask@5x.png
Right sleeve,90,4XL,12,15,xiu1_uv.png,tu/xiu1_alpha.png,tu/xiu1_mask.png,tu/left-default.png,tu/left-checked.png,tu/xiu1_background@5x.png,tu/xiu1_background_mask@5x.png
